Chat,Role,Message
chat_1,user,heelo
chat_1,assistant,"<think>

</think>

Hello! How can I assist you today? ğŸ˜Š"
chat_1,user,hello
chat_1,user,à¸„à¸¸à¸“à¸¡à¸µ product à¸­à¸°à¹„à¸£à¸šà¹‰à¸²à¸‡
chat_1,assistant,"Based on your query, I recommend the following products:
- **Smartphone X**: Smartphone with high resolution camera and 128GB storage.
- **Headphones Z**: Wireless headphones with noise cancellation and 20-hour battery.
- **Laptop B**: Affordable laptop with 8GB RAM and 256GB SSD.
<think>
æ‚¨å¥½ï¼æˆ‘æ˜¯ç”±ä¸­å›½çš„æ·±åº¦æ±‚ç´¢ï¼ˆDeepSeekï¼‰å…¬å¸å¼€å‘çš„æ™ºèƒ½åŠ©æ‰‹DeepSeek-R1ã€‚æœ‰å…³æ¨¡å‹å’Œäº§å“çš„è¯¦ç»†å†…å®¹è¯·å‚è€ƒå®˜æ–¹æ–‡æ¡£ã€‚
</think>

æ‚¨å¥½ï¼æˆ‘æ˜¯ç”±ä¸­å›½çš„æ·±åº¦æ±‚ç´¢ï¼ˆDeepSeekï¼‰å…¬å¸å¼€å‘çš„æ™ºèƒ½åŠ©æ‰‹DeepSeek-R1ã€‚æœ‰å…³æ¨¡å‹å’Œäº§å“çš„è¯¦ç»†å†…å®¹è¯·å‚è€ƒå®˜æ–¹æ–‡æ¡£ã€‚"
chat_1,user,à¸„à¸¸à¸“à¸¡à¸µ product à¸­à¸°à¹„à¸£à¸šà¹‰à¸²à¸‡
chat_1,assistant,"Based on your query, I recommend the following products:
- **Smartphone X**: Smartphone with high resolution camera and 128GB storage.
- **Headphones Z**: Wireless headphones with noise cancellation and 20-hour battery.
- **Laptop B**: Affordable laptop with 8GB RAM and 256GB SSD.
à¸‚à¸­à¹‚à¸—à¸©à¸„à¸£à¸±à¸š/à¸„à¹ˆà¸° à¸œà¸¡à¹„à¸¡à¹ˆà¸¡à¸µà¸‚à¹‰à¸­à¸¡à¸¹à¸¥à¹€à¸à¸µà¹ˆà¸¢à¸§à¸à¸±à¸šà¸œà¸¥à¸´à¸•à¸ à¸±à¸“à¸‘à¹Œà¹ƒà¸”à¹† à¸—à¸µà¹ˆà¹€à¸›à¹‡à¸™à¸‚à¸­à¸‡à¸ˆà¸£à¸´à¸‡ à¹à¸•à¹ˆà¸œà¸¡à¸ªà¸²à¸¡à¸²à¸£à¸–à¸Šà¹ˆà¸§à¸¢à¹à¸™à¸°à¸™à¸³à¸«à¸£à¸·à¸­à¹ƒà¸«à¹‰à¸‚à¹‰à¸­à¸¡à¸¹à¸¥à¹€à¸à¸µà¹ˆà¸¢à¸§à¸à¸±à¸šà¸œà¸¥à¸´à¸•à¸ à¸±à¸“à¸‘à¹Œà¸—à¸µà¹ˆà¸¡à¸µà¸­à¸¢à¸¹à¹ˆà¹ƒà¸™à¸•à¸¥à¸²à¸”à¹„à¸”à¹‰

à¸«à¸²à¸à¸„à¸¸à¸“à¸•à¹‰à¸­à¸‡à¸à¸²à¸£à¸—à¸£à¸²à¸šà¸‚à¹‰à¸­à¸¡à¸¹à¸¥à¹€à¸à¸µà¹ˆà¸¢à¸§à¸à¸±à¸šà¸œà¸¥à¸´à¸•à¸ à¸±à¸“à¸‘à¹Œà¹ƒà¸”à¹† à¹‚à¸›à¸£à¸”à¸£à¸°à¸šà¸¸à¸Šà¸·à¹ˆà¸­à¸œà¸¥à¸´à¸•à¸ à¸±à¸“à¸‘à¹Œà¸«à¸£à¸·à¸­à¸›à¸£à¸°à¹€à¸ à¸—à¸œà¸¥à¸´à¸•à¸ à¸±à¸“à¸‘à¹Œà¹„à¸§à¹‰à¸„à¸£à¸±à¸š/à¸„à¹ˆà¸°"
chat_1,user,à¸„à¸¸à¸“à¸¡à¸µ Product à¸­à¸°à¹„à¸£à¸šà¹‰à¸²à¸‡
chat_1,assistant,"Based on your query, I recommend the following products:
- **Smartphone X**: Smartphone with high resolution camera and 128GB storage.
- **Headphones Z**: Wireless headphones with noise cancellation and 20-hour battery.
- **Laptop B**: Affordable laptop with 8GB RAM and 256GB SSD.
<think>
Alright, the user is asking me about the products I have. Since I'm an AI, I don't have physical products like you might think of with tangible items.

I should clarify that while I can simulate various experiences and interactions, my main purpose isn't to sell or provide traditional goods.

Maybe I can offer alternative ways I can assist them instead, like providing information, answering questions, or helping with tasks.

Keeping the tone friendly and helpful is key so they feel supported even without any actual products.
</think>

ä½œä¸ºä¸€åAIï¼Œæˆ‘å¹¶æ²¡æœ‰å®ä½“äº§å“å¯ä¾›é”€å”®æˆ–æ‹¥æœ‰ã€‚æˆ‘çš„åŠŸèƒ½ä¸»è¦æ˜¯æä¾›ä¿¡æ¯ã€å›ç­”é—®é¢˜å’ŒååŠ©å®Œæˆä»»åŠ¡ã€‚å¦‚æœä½ æœ‰ä»»ä½•éœ€è¦å¸®åŠ©çš„åœ°æ–¹ï¼Œè¯·éšæ—¶å‘Šè¯‰æˆ‘ï¼"
chat_1,user,à¸„à¸¸à¸“à¸¡à¸µ Product à¸­à¸°à¹„à¸£à¸šà¹‰à¸²à¸‡
chat_1,assistant,"Based on your query, I recommend the following products:
- **Smartphone X**: Smartphone with high resolution camera and 128GB storage.
- **Headphones Z**: Wireless headphones with noise cancellation and 20-hour battery.
- **Laptop B**: Affordable laptop with 8GB RAM and 256GB SSD.
à¸‚à¸­à¹‚à¸—à¸©à¸„à¸£à¸±à¸š/à¸„à¹ˆà¸° à¸œà¸¡à¹„à¸¡à¹ˆà¸¡à¸µà¸ªà¸´à¸™à¸„à¹‰à¸²à¸«à¸£à¸·à¸­à¸œà¸¥à¸´à¸•à¸ à¸±à¸“à¸‘à¹Œà¸—à¸µà¹ˆà¸ªà¸²à¸¡à¸²à¸£à¸–à¸‹à¸·à¹‰à¸­à¸‚à¸²à¸¢à¹„à¸”à¹‰ à¹à¸•à¹ˆà¸œà¸¡à¸ªà¸²à¸¡à¸²à¸£à¸–à¸Šà¹ˆà¸§à¸¢à¹€à¸«à¸¥à¸·à¸­à¹ƒà¸™à¸”à¹‰à¸²à¸™à¸•à¹ˆà¸²à¸‡à¹† à¹€à¸Šà¹ˆà¸™ à¸à¸²à¸£à¸•à¸­à¸šà¸„à¸³à¸–à¸²à¸¡, à¸à¸²à¸£à¹ƒà¸«à¹‰à¸‚à¹‰à¸­à¸¡à¸¹à¸¥, à¸«à¸£à¸·à¸­à¸à¸²à¸£à¸Šà¹ˆà¸§à¸¢à¹€à¸«à¸¥à¸·à¸­à¹ƒà¸™à¸à¸²à¸£à¸—à¸³à¸‡à¸²à¸™à¸à¸±à¸šà¸ à¸²à¸©à¸²à¹à¸¥à¸°à¸„à¸³à¸¨à¸±à¸à¸—à¹Œ à¸«à¸²à¸à¸„à¸¸à¸“à¸¡à¸µà¸„à¸³à¸–à¸²à¸¡à¸«à¸£à¸·à¸­à¸‚à¹‰à¸­à¸„à¸§à¸²à¸¡à¸—à¸µà¹ˆà¸•à¹‰à¸­à¸‡à¸à¸²à¸£à¸Šà¹ˆà¸§à¸¢à¹€à¸«à¸¥à¸·à¸­à¸­à¸¢à¸¹à¹ˆà¸„à¸£à¸±à¸š/à¸„à¹ˆà¸°"
chat_1,user,à¸‚à¸­à¸‚à¹‰à¸­à¸¡à¸¹à¸¥à¸‚à¸­à¸‡ Laptop a
chat_1,assistant,"Based on your query, I recommend the following products:
- **Laptop B**: Affordable laptop with 8GB RAM and 256GB SSD.
- **Laptop A**: High performance laptop with 16GB RAM and 512GB SSD.
- **Smartphone X**: Smartphone with high resolution camera and 128GB storage.
à¸‚à¸­à¹‚à¸—à¸©à¸„à¸£à¸±à¸š/à¸„à¹ˆà¸° à¸œà¸¡à¹„à¸¡à¹ˆà¸¡à¸µà¸ªà¸´à¸™à¸„à¹‰à¸²à¸«à¸£à¸·à¸­à¸œà¸¥à¸´à¸•à¸ à¸±à¸“à¸‘à¹Œà¹ƒà¸”à¹† à¸—à¸µà¹ˆà¹€à¸£à¸µà¸¢à¸à¸§à¹ˆà¸² ""Laptop a"" à¹à¸•à¹ˆà¸œà¸¡à¸ªà¸²à¸¡à¸²à¸£à¸–à¹ƒà¸«à¹‰à¸‚à¹‰à¸­à¸¡à¸¹à¸¥à¹€à¸à¸µà¹ˆà¸¢à¸§à¸à¸±à¸šà¸¥à¸¹à¸à¸šà¸²à¸¨à¸à¹Œ (Laptop) à¹„à¸”à¹‰

à¸«à¸²à¸à¸„à¸¸à¸“à¸•à¹‰à¸­à¸‡à¸à¸²à¸£à¸—à¸£à¸²à¸šà¸‚à¹‰à¸­à¸¡à¸¹à¸¥à¹€à¸à¸µà¹ˆà¸¢à¸§à¸à¸±à¸šà¸¥à¸¹à¸à¸šà¸²à¸¨à¸à¹Œà¸‚à¸­à¸‡à¸šà¸£à¸´à¸©à¸±à¸—à¸«à¸£à¸·à¸­à¸œà¸¥à¸´à¸•à¸ à¸±à¸“à¸‘à¹Œà¸—à¸µà¹ˆà¸¡à¸µà¸Šà¸·à¹ˆà¸­à¹€à¸ªà¸µà¸¢à¸‡ à¹€à¸Šà¹ˆà¸™ Dell, HP, Apple à¸«à¸£à¸·à¸­ Acer à¸œà¸¡à¸ªà¸²à¸¡à¸²à¸£à¸–à¸Šà¹ˆà¸§à¸¢à¹€à¸«à¸¥à¸·à¸­à¹„à¸”à¹‰à¸„à¸£à¸±à¸š/à¸„à¹ˆà¸°"
chat_1,user,à¹‰hello
chat_1,user,hello
chat_1,user,hi bro
chat_1,user,yes sir
chat_1,assistant,"<think>
Alright, so I'm trying to figure out how to respond to ""yes sir"" in a way that's both helpful and appropriate. Let me think through this step by step.

First, when someone says ""yes sir,"" they're typically acknowledging a request or command. My response should probably be polite and maintain a respectful tone since it's directed towards me. I don't want to come off as rude or dismissive, especially if this is part of a professional interaction.

I remember from school that in formal settings, saying ""Yes, sir"" is common, but the user just said ""yes sir."" Maybe they're being less formal here. I should keep it simple and respectful. Directing my response to them shows consideration for their command or request.

So, if someone says ""yes sir,"" a natural follow-up would be something that confirms understanding or acknowledges receipt of the instruction. Words like ""Thanks"" could show appreciation, but maybe too much in this context. Perhaps keeping it brief is better unless there's more to the conversation.

Wait, but should I ask them how they're doing? That might be an option if this is part of a larger interaction where their well-being is relevant. However, without more context, it might not be necessary and could seem intrusive.

Alternatively, I could offer further assistance by asking what else I can do for them. This keeps the conversation open and shows willingness to help with additional tasks or questions they might have. It's polite and invites them to continue if needed.

Putting this all together, maybe a simple ""Thank you"" would suffice as it's appreciative and maintains respect without being overly formal. Alternatively, asking how they're doing could be another approach depending on the situation.

I should also consider the tone. If I respond with something like ""Yes, sir,"" then add my response. So, for example: ""Yes, sir. How can I assist you today?"" This way, it's clear and inviting without being too lengthy.

Is there anything else I might be missing? Maybe checking if they need any specific information or assistance. But again, without more context, keeping it vague but open-ended is probably best.

So, in summary, the best response would likely be a polite acknowledgment followed by an offer to assist further. That way, it's respectful and maintains a helpful tone.
</think>

Yes, sir. How can I assist you today?"
